lang,mode,n,block,threads,rep,time_s,gflops,speedup,efficiency,cycles,instructions,ipc,cache_references,cache_misses,branches,branch_misses
cpp,1,1024,0,0,1,2.31,0.929647,NA,NA,19846952388,13623623746,0.686434,2948149339,88409700,1957341652,5316576
cpp,1,1024,0,0,2,2.35,0.913823,NA,NA,19696168371,13894351648,0.705434,2521950465,101282179,2076997509,4232086
cpp,1,1536,0,0,1,12.169,0.595592,NA,NA,100359200341,53743514877,0.535512,11726385451,1395174222,8007418504,10444174
cpp,1,1536,0,0,2,12.245,0.591895,NA,NA,104862471548,54570334178,0.520399,15086993301,1599293559,7834019484,10597618
cpp,1,2048,0,0,1,31.533,0.544822,NA,NA,266682154856,88002083453,0.329989,27221080617,4206625154,12758694826,20809348
cpp,1,2048,0,0,2,93.383,0.183972,NA,NA,790630006973,116284431629,0.147078,36335541399,29006079516,17126380382,19727336
cpp,1,2560,0,0,1,79.914,0.419882,NA,NA,677620302519,195157355573,0.288004,59271822929,13570330426,28978585398,39181817
cpp,1,2560,0,0,2,80.999,0.414257,NA,NA,682383794749,194864732546,0.285565,59694952547,13346388441,28884582242,26975855
cpp,1,3072,0,0,1,203.754,0.284569,NA,NA,1692019325666,363075806397,0.214581,113542629910,52023178468,53655277983,131914976
cpp,1,3072,0,0,2,391.242,0.1482,NA,NA,2865575464460,383858734114,0.133955,101972025588,95581582029,54997634282,37525626
cpp,4,1024,0,4,1,0.694,3.094357,3.32853,0.832133,21104906395,15160047759,0.718319,2938365056,24709309,2170603255,2276324
cpp,4,1024,0,4,2,1.349,1.591908,1.742031,0.435508,30020991542,16212918803,0.540053,2470198243,109480762,2321080749,2525176
cpp,4,1536,0,4,1,2.69,2.694334,4.523792,1.130948,78793908945,51142335653,0.649065,11468733977,326421592,7318041498,5100466
cpp,4,1536,0,4,2,5.339,1.357512,2.293501,0.573375,124334412469,54968830367,0.442105,8475678995,773271784,7870742908,6028680
cpp,4,2048,0,4,1,12.994,1.322139,2.426735,0.606684,327437281447,112342032725,0.343095,24210705872,2639219953,16076316712,8767179
cpp,4,2048,0,4,2,20.156,0.852345,4.633013,1.158253,471299462153,125785719067,0.266891,29350935359,5133672766,18007035215,11305109
cpp,4,2560,0,4,1,50.997,0.657969,1.567033,0.391758,1502508189670,237938267057,0.158361,75656052170,37418466402,34069585811,16476498
cpp,4,2560,0,4,2,52.092,0.644138,1.554922,0.388731,1282304049787,243139695641,0.189612,64706804958,25448482516,34812868595,19384274
cpp,4,3072,0,4,1,99.279,0.584031,2.052337,0.513084,2974574481764,411985477843,0.138502,119797113637,74428442587,58998211824,25342803
cpp,4,3072,0,4,2,102.186,0.567417,3.828724,0.957181,2548231573938,418043130209,0.164052,112061015316,64689500828,59864623370,30210374
cpp,5,1024,0,4,1,18.568,0.115655,0.124408,0.031102,145429237871,181938808078,1.251047,2383194531,40812728,31318911685,232646943
cpp,5,1024,0,4,2,25.779,0.083304,0.091159,0.02279,164092684824,194639860182,1.186158,2883633996,397751663,33584040377,265885838
cpp,5,1536,0,4,1,46.412,0.156161,0.262195,0.065549,378878842257,438738785677,1.157992,9736128248,822662401,75086972246,540401628
cpp,5,1536,0,4,2,59.313,0.122195,0.206447,0.051612,414492797011,456708512445,1.101849,10901477699,1306106125,78299132161,606875977
cpp,5,2048,0,4,1,87.045,0.197368,0.362261,0.090565,786816824246,802987506171,1.020552,27008684923,2693319203,136531542676,959847553
cpp,5,2048,0,4,2,109.262,0.157236,0.85467,0.213668,837666223660,845232129195,1.009032,28299817925,3142665155,144046704967,1074236988
cpp,5,2560,0,4,1,144.865,0.231626,0.551645,0.137911,1382688197610,1324569598825,0.957967,61642953417,6437285466,224064108374,1541309918
cpp,5,2560,0,4,2,180.811,0.185577,0.447976,0.111994,1484796972031,1355864293490,0.913165,59876429880,8042402751,229743653043,1701645294
cpp,5,3072,0,4,1,232.792,0.249072,0.875262,0.218816,2380389424264,1992748465818,0.837152,109399071262,15868513576,335469119299,2243176999
cpp,5,3072,0,4,2,283.086,0.204821,1.382061,0.345515,2519679468309,2013906628248,0.799271,108340822311,18145890022,339566484096,2471143527
cpp,2,1024,0,0,1,0.428,5.017485,NA,NA,3717987491,11878298947,3.19482,191269810,27858883,1524732970,2315873
cpp,2,1024,0,0,2,0.434,4.948119,NA,NA,3652429023,12396724184,3.394104,220478579,50532040,1552075304,1565015
cpp,2,1536,0,0,1,1.987,3.647588,NA,NA,16935400868,42679168168,2.520116,819305809,565266858,5371815428,4446971
cpp,2,1536,0,0,2,1.875,3.865471,NA,NA,16180043368,42245529947,2.610965,798874709,584575185,5371522514,4280840
cpp,2,2048,0,0,1,4.676,3.674052,NA,NA,38904113242,100620406274,2.586369,1926866868,1586385847,12772055275,7185863
cpp,2,2048,0,0,2,4.485,3.830517,NA,NA,37011175711,86373673559,2.333719,1444623174,1160009155,11522231971,12301817
cpp,2,2560,0,0,1,8.987,3.733663,NA,NA,73571548399,170201129326,2.31341,2814765431,2293307121,23176031407,23473364
cpp,2,2560,0,0,2,9.527,3.522035,NA,NA,78050281953,197556189013,2.53114,3766215267,3344587962,25017325293,14199790
cpp,2,3072,0,0,1,15.465,3.749244,NA,NA,127306962610,329948144580,2.591753,6241872222,5407483932,42062630712,28956153
cpp,2,3072,0,0,2,19.04,3.045276,NA,NA,133804761029,373163369567,2.788865,7195179707,6353585379,46702605958,16473590
cpp,6,1024,0,4,1,0.206,10.424678,2.07767,0.519417,5080111972,17437214287,3.432447,238110034,17219672,2184330226,2229507
cpp,6,1024,0,4,2,0.337,6.372355,1.287834,0.321958,7929350714,24202641865,3.052285,335782085,75124810,3030368976,3083202
cpp,6,1536,0,4,1,0.838,8.648875,2.371122,0.59278,20031776901,57118362087,2.851388,927402185,283140985,7149732123,4791481
cpp,6,1536,0,4,2,1.207,6.00477,1.553438,0.38836,25148719021,66027047629,2.625464,1000254103,576067630,8269218950,5575554
cpp,6,2048,0,4,1,2.069,8.303465,2.260029,0.565007,50436668578,136476917013,2.705907,2376360658,1128400400,17078807752,8614312
cpp,6,2048,0,4,2,2.897,5.930228,1.548153,0.387038,60460323692,152466741735,2.521765,2568109522,1655117538,19082622783,9775755
cpp,6,2560,0,4,1,4.039,8.307609,2.225056,0.556264,97491360212,264015279726,2.708089,5080340959,2123479367,33032315847,13308597
cpp,6,2560,0,4,2,5.34,6.283601,1.784082,0.446021,108694643127,274781361605,2.528012,5023588474,3287030790,34382632729,14142868
cpp,6,3072,0,4,1,7.355,7.883353,2.102651,0.525663,176721104970,451892918941,2.557096,8698675172,6009625698,56531949355,19032567
cpp,6,3072,0,4,2,8.486,6.832672,2.243695,0.560924,174344529136,470903120020,2.700992,8425193580,5589597092,58913087428,20211632
cpp,7,1024,0,4,1,6.459,0.332479,0.066264,0.016566,49765558422,72815122295,1.463163,821492246,55976179,12223327597,82308512
cpp,7,1024,0,4,2,8.687,0.247207,0.04996,0.01249,56033207647,75609467293,1.349369,976176668,275623530,12718726602,91192532
cpp,7,1536,0,4,1,15.195,0.476983,0.130767,0.032692,124758314024,176257888209,1.412795,2328596470,655341875,29152771130,178633208
cpp,7,1536,0,4,2,19.657,0.368711,0.095386,0.023846,134551502325,189435269519,1.407902,2624494787,1004145792,31447259547,204269358
cpp,7,2048,0,4,1,27.493,0.624882,0.17008,0.04252,233369829461,343262068725,1.470893,5158783972,2216487104,56077158134,322277778
cpp,7,2048,0,4,2,34.468,0.49843,0.130121,0.03253,245491076537,363258412233,1.479721,5398920581,2406067206,59573096062,353109981
cpp,7,2560,0,4,1,44.03,0.762081,0.204111,0.051028,389681852875,580984290514,1.49092,9412991500,4640932050,93937888924,498698379
cpp,7,2560,0,4,2,56.729,0.591486,0.167939,0.041985,419479075285,625118141911,1.490225,9882071546,4744253842,101588017356,567135728
cpp,7,3072,0,4,1,64.385,0.900552,0.240196,0.060049,586965610585,900202844327,1.533655,15479869415,8007543575,144268667774,712253085
cpp,7,3072,0,4,2,82.354,0.704059,0.231197,0.057799,627931318726,971667199814,1.54741,16037298063,8215175639,156528692637,815128520
